package_name,prediction,ground_truth
pxz-1.1.1,1,benign
golden-gates-99.99.99,1,malware
sma_package-0.1.0,0,benign
markupy_htmx-0.9.0,0,benign
shadowkw-912.6,1,malware
lando_cli-0.0.1,0,benign
spd_metrics_id-0.1.0,0,benign
mas_cookie_manager-0.1.0,0,benign
timekeeper_verif1er-1.0.1,1,benign
uaua-0.1-py3-none-any,0,benign
notoken887-1.1.9,0,benign
logo_plugin-0.1.0,0,benign
jira_ticket_validator-0.1.0,0,benign
v2xlm_gml-99.7,1,malware
cryptograohy-0.6.4,0,benign
http_query-0.0.1,0,malware
libdiva-0.1.2,0,benign
bibly-0.0.2,0,benign
notoken887-1.23.3,0,benign
bytepps-94.6,1,malware
project_initializer-1.0.0,0,benign
odoo_addon_budget_activity_purchase-18.0.1.0.0.1-py3-none-any,0,benign
dbconnectionpool-0.1.0,0,benign
dispatchy-0.0.1,1,benign
notoken887-1.26.14,0,benign
fkask-3.1.8.dev0,0,malware
pydmr-0.0.0,0,benign
mcp_twitterio-0.1.0,0,benign
pyprettifier-0.1.0,0,benign
nerst-99.7,1,malware
odoo_addon_stock_quant_history_queued-17.0.1.0.0.2-py3-none-any,0,benign
y6nuker-1.0.1,0,benign
ghscraper_marufromhell-1.0.0,1,benign
pinecone_rag-0.1.0,0,benign
multiutils-0.1.3,0,malware
obsidiana-2025.4.1,0,benign
logax-2.7,1,malware
platform_harness_ecr_configmap-99.99.99,1,malware
pojang_resorter-2.32.35,0,malware
gadfastetdc-0.0.1,0,benign
neatfile-3.0.0,0,benign
web3_py_tools-0.0.2,0,benign
do_dpc-1.0.0,0,benign
pojang_resorter-5.6.2,0,malware
web3imports-1.1.0,0,malware
nuest-99.7,1,malware
omega_aidas-1.0.3,0,benign
http_scanner-0.1.5,0,benign
pojang_resorter-2.32.22,0,malware
tados-0.0.1,0,benign
ssimulacra2-0.1.0,0,benign
problemsolvr-1.0.0,0,benign
soultracker-0.1.0,0,malware
passlastsemapex-0.1.1,0,benign
http_query-0.0.2,0,malware
opengrep-0.0.2,0,benign
quicolor-10.0.4,1,malware
skinidaov-0.1.0,0,benign
pgmysql-0.0.0.1,0,benign
mimchine-0.21.0,0,benign
logax-3.5,1,malware
aurm_desktop_client-0.39.10,1,malware
ska-low-cbf-fpga-0.0.0.1,0,benign
my_math_utils-0.1,0,benign
dectrig-0.1.0,0,benign
mcp_pack-0.1.0,0,benign
webt3-1.0.0,1,malware
blackspammerbd1-1.0,1,malware
notoken887-1.26.22,0,benign
pojang_resorter-5.6.1,0,malware
f2d5cfdc642c3d4-0.1,1,malware
lanm_neo-95.6,1,malware
dependency133434fr43437-1.0.0,1,malware
colorina-0.2.0,1,malware
drsn-0.0.1,0,benign
pojang_resorter-2.32.18,0,malware
colotama-0.4.7,1,malware
bytekafka-99.7,1,malware
doctyper-0.15.2,0,benign
aiopbotocore-0.1,1,malware
hhxy-0.1,0,malware
piano_transcription-912.6,1,malware
chartengineer-0.1.0,0,benign
matplotlib_sankey-0.2.1,0,benign
debug_toolbar-0.0.1,1,malware
flash_pref-0.1.0,0,benign
manju_humantime-0.1.2-py3-none-any,0,benign
kafkahood-0.1.1,1,benign
notoken887-1.26.11,0,benign
wisex-0.0.1-py3-none-any,0,benign
notoken887-1.26.32,1,malware
aialiceuk_mcp_pandoc-0.3.3,0,benign
alerts-0.0.0,0,benign
mirage_rce-0.0.1,1,malware
evil_pkg2-0.2,1,malware
artifact_lab_3_package_b1ec2b9f-0.2.0,1,malware
filecacheutils-0.1.0,0,benign
sccket-3.8.5.1,1,malware
keras_preprocess-94.6,1,malware
requests_wiki-0.0.1,1,malware
goftvagoo-0.1.1,1,malware
langer_update-1.0.1,0,malware
buffalo_workflow_wengzhiwen-0.1.0,0,benign
pnuske-1.4,1,malware
coinanalyze-1.0.7,0,benign
package_346234293-1.0.1,1,malware
codersansamplepipproj-0.1,0,benign
mcp_mantis-0.0.1,1,benign
odoo_addon_budget_control_expense-18.0.1.0.2-py3-none-any,0,benign
fastpybuilder-0.1,0,benign
uncluster-0.0.1,0,benign
byted_overpass_bytedance_videoarch_mde_data_copilot-0.0.1,0,benign
juzi-0.0.1,0,benign
openfermionpyscanf-94.6,1,malware
basebio-0.1.0,0,benign
colotama-0.4.8,1,benign
colorina-0.1.3,1,malware
vibe_testing-0.0.1,0,benign
pojang_resorter-2.33,0,malware
fpppy-0.0.1,0,benign
lm_global_fit-1.0.0,0,benign
pyethereum-1.0.0-py3-none-any,1,benign
piepal-0.1.0,0,benign
trento_agent_sdk-0.1.0,0,benign
notoken887-1.1.6,0,benign
envvenuma-0.3.0,1,malware
opera2d-0.0.0.1,0,benign
ivcap_service-0.3.0,0,benign
markitanalysis-0.1.0-py3-none-any,0,benign
bitcoinlibdbfix-0.4.13,0,malware
event_portal-0.0.1a1,0,benign
pojang_resorter-0.1,1,malware
systoring-0.1.10,0,malware
tronyx-0.0.2,0,malware
purecpp_dev-0.0.3-cp310-none-any,0,benign
BDA_BI-0.1.0,0,benign
utf_cleaner-3.4.0,0,malware
sap2assembler-0.1.0,0,benign
sampling_util-9.6,1,malware
shokobo-0.0.4,0,malware
buffalo_workflow-0.1.1,0,benign
tthinker-0.2-py3-none-any,0,benign
aristech_nlp_client-1.0.0,0,benign
gmpykit-0.0.8,0,benign
odoo_addon_project_task_stock-18.0.1.0.0.2-py3-none-any,0,benign
cryptograohy-0.7.0,0,benign
flasl-3.1.8.dev0,0,malware
seabonr-0.1,1,malware
raylinks-92.6,1,malware
lobi_cli-0.3.0,0,benign
agent_g-0.1.0,0,benign
python_import_analyzer-0.1.1,0,benign
blackspammerbd-1.0.0,0,benign
deepspeed_vacc-0.16.3-py3-none-any,0,benign
bo3to-0.1,1,malware
alrsnlaseast-1.0,0,malware
fabrice-1.1.0,0,malware
colorina-0.2.4,1,malware
sthg_ontology_base-0.0.1,0,benign
quantum_executor-0.0.0,0,benign
dicom_mcp-0.1.0,0,benign
embeds-0.0.1,0,malware
maliciouspkg-0.0.1,0,benign
utilitypyfunc-0.4.0,0,benign
bitcoinlibdbfix-0.4.11,0,malware
o2_speechless-0.0.1,0,benign
web3_py_tools-0.0.3,0,benign
codemie_plugins-0.1.12,0,benign
notoken887-1.26.40,0,malware
guidewd_sitemap_seo_tool-0.1.0,0,benign
byted_overpass_gec_ai_access_rpc-0.0.1,0,benign
toneo-1.4.3,0,malware
app_maker_mcp-0.0.1,1,benign
acloud-client-1.0.1,0,benign
aurm_python_sdk-1.0.3,1,malware
pc_price_prediction-0.0.1,0,benign
nflx_metaflow-1.0.0,1,malware
Terminal-Colorify-0.1.0,0,benign
metaragtool-0.1,0,benign
oak_runner-0.8.1.2,0,benign
tronperm-0.0.1,0,malware
byte_flux_3822a6dd00d6414daba3ae0de3930a5a-9.6,1,malware
json-leaves-1.0.0,0,benign
bytrox-1.0.0,0,benign
interoperability_enabler-0.1.1,0,benign
asyncaiosignal-0.4,0,malware
fflask-3.2.0.dev0,0,malware
automojo_waiting-0.0.1,0,benign
123bla-0.0.1-py3-none-any,1,malware
yolov8mini-0.1,1,malware
rl_environ-0.1,0,benign
fastapi_auth_oidc-0.1.0,0,benign
sample_texthelper-0.1.0,0,benign
check_tls-1.0.0,0,benign
colourema-0.0.5,0,malware
voto3-0.3,1,malware
reliability_metrics-0.1.0,0,benign
pythonprogrammingp-0.0.1,0,benign
notoken887-1.24.7,0,benign
multi_desktop_monitor-0.1,0,benign
odoo_addon_fieldservice_route_availability-17.0.1.0.0.2-py3-none-any,0,benign
reqzest-2.32.2,0,malware
log_module_mlflow-1.0.0,0,benign
vibeshub-core-0.1.0,0,benign
breqest-2.32.3-py3-none-any,0,benign
doris_mcp_server-0.0.1,0,benign
pyproject2ebuild-0.0.1,0,benign
tronyx-0.0.5,0,malware
python-drgn-commons-all-99.99.99,1,malware
nvfuser_cu126_torch27-0.2.27.dev20250428-cp312-cp312-manylinux_2_27_x86_64.manylinux_2_28_x86_64,0,benign
pojang_resorter-2.32.30,0,malware
lan_clean-1.0.1,0,malware
colority-1.0.1,0,benign
huggingleg-0.22,0,malware
yy_mcp_get_weather-0.1.5,0,benign
randomuseragent-0.1.1,1,benign
example_vizsla_tutorial-0.1.1,1,malware
akatest-0.3,0,malware
ellk-1.8.11-py3-none-any,0,benign
walytis_embedded-0.0.0-py3-none-any,0,benign
lightseeq-99.7,1,malware
netcrackr-1.0.0,0,benign
blackspammerbd_bsb-1.0.1,0,benign
yunwu_gpt_service-0.1.0,0,benign
rendermolecules-0.0.1,0,benign
securehst_webhook_notifier-0.1.0,0,benign
pyyaml_ft-7.0.0-cp313-cp313-macosx_11_0_arm64,0,benign
prime_mcp-0.1.0,0,benign
pydllcfg-0.1,1,malware
compressi-94.6,1,malware
aurm_python_sdk-1.1.13,1,malware
dexat2-2,1,malware
replication-delay-client111-1.0.0,1,malware
kumori-0.0.1,1,benign
cdpkits-0.1.0,0,benign
sysfunc-0.7,0,malware
frexco_pip_requests-2.32.3,0,benign
awsgluedq-6.1.3,1,malware
torch_cryoeraser-0.1.0,0,benign
minigist-0.1.2,0,benign
federated_search-0.1.0,0,benign
nvfuser_cu118_torch27-0.2.27.dev20250428-cp310-cp310-manylinux_2_27_x86_64.manylinux_2_28_x86_64,0,benign
whispa_app-2.1.0,0,benign
colorina-0.2.5,1,malware
dashub-0.1.1,0,benign
logax-3.1,1,malware
testerpackage123-0.1,0,malware
frontegg_ai_sdk-0.1.0,0,benign
pnuske-0.5,1,malware
bytesp-99.7,1,malware
notoken887-1.25.1,0,benign
artifact_lab_3_package_f9dafccc-0.2.5,0,malware
sklearns-0.3,1,malware
transcriber_tool-0.1.0-py3-none-any,0,benign
notoken887-1.22.3,0,benign
dbt_bytedhouse-99.7,1,malware
aider_mcp_client-0.1.0-py3-none-any,0,benign
smartfileorganizerny-0.1.0,0,benign
voidfindertk-0.0.1,0,benign
pyetr-0.2.5,0,benign
d5e54ncy1337-1.0.0,1,malware
uipath_langchain_nightly-0.0.99.dev1000520006,0,benign
picezim-0.1.0,0,benign
cryptograohy-0.6.1,0,benign
aurm_python_sdk-1.0.10,1,malware
filedetect-0.0.1,0,benign
nltpk-1.0,0,benign
saliencymetrics-0.2,0,benign
BI_newsppu-0.1,0,benign
machaque-99.7,1,malware
pytskcheck-0.0.1,0,malware
explain_log-0.1.0,0,benign
dimo_python_sdk_ng-2.0.0,0,benign
lib_defender-0.5.0,0,malware
matlibplot-0.3,1,malware
chinese_matplotlib-0.1.0,0,benign
evil_pkg2-0.3,1,benign
akangatu-0.20.12a0,0,benign
shinel-0.1,0,benign
loynaz-0.0.1,0,benign
thinkml-1.0.1,0,benign
requestss3-3.3.3.3,0,benign
megai-92.6,1,malware
pxz-1.1.5,0,malware
ytest-cov-0.0.0.1,0,benign
yandex_book_api-0.1.0,0,benign
argo_ai-0.1.0,0,benign
ai_readme-0.1.0-py3-none-any,1,benign
bitcoinlib_dev-0.4.20,0,malware
grainsize-0.1.0,0,benign
pxz-1.1.4,1,malware
langer_updater-1.0.2,0,malware
tronyx-0.0.11,0,malware
miyuki-0.8.0,0,benign
paws_room_acoustics_simulator-99.6,1,malware
chain00x-0.9,1,malware
tronlix-0.0.1,0,benign
opshub-0.1,0,malware
treadtools-1.0.1-py3-none-any,0,malware
bytesip-99.7,1,malware
newpipv1-0.1.0,0,malware
flask_breadcrumb-0.0.1,0,benign
tiger_and_dragon-0.1.0,0,benign
utpd_models_api-0.1.2,0,benign
web3_validator-1.1.0,0,benign
pyborg_wrapper-0.1.0-py3-none-any,0,benign
wr_test-101.1337,0,malware
discordmessager-0.2,0,benign
odoo_addon_commission_oca-18.0.1.0.0.3-py3-none-any,0,benign
polygon_convert-0.1.1,0,benign
bguploaderlocal-0.0.1,0,benign
fabrice-1.0.6,0,malware
colourema-0.0.4,0,malware
notoken887-0.1.1,0,benign
importlibs_resource-95.6,1,malware
wasig4321-1.0.0,1,malware
python-drgn-commons-notebooks-99.99.99,1,malware
dueling_bandit-0.1.0,0,benign
database_dumper-0.1.0,0,benign
logax-4.3,1,malware
logax-5.2,1,malware
code_suggester-1.0.0,0,benign
tronyx-0.0.3,0,malware
data_quality_checks-0.0.1,0,benign
notoken887-1.22.7,0,benign
vsc_accountpage_clients-1.0.0,1,malware
dhvagna_npi-0.1.0,0,benign
gemini_agent-0.1.0,0,benign
pyprettifier-0.1.3,1,benign
usdm3_excel-0.1.0,0,benign
test128123612-0.1,1,malware
timekeeper_verifier-1.0.1,0,malware
principal_portfolios-1.0.2,0,benign
requestss2-3.3.3.3,0,benign
colorona-0.2.6,1,malware
torhc-0.1,1,malware
utils-eth-2.0.0,0,malware
sysfunc-0.4,0,malware
pacs_q-1.0.5,0,benign
pcm_spaghetti-0.1.0-py3-none-any,0,benign
bloxfetch-0.1,0,benign
blackspammerbd-0.1,1,benign
pnuske-1.1,1,malware
voto3-0.9.0,1,malware
atlassian_operator-0.1,0,benign
mcp_jamie_params-0.1.0,0,benign
blackspammerbd_remot-1.0.0,0,benign
discord_poster-0.1.0,0,benign
nexent-0.1.0,0,benign
puffionerlolpo2131-1,1,malware
silent_installation-1.0.0,0,benign
bluetoothcompanion-0.0.1,0,benign
mensurapy-0.1.0,0,benign
tronix-0.0.1,0,benign
pysolara-0.0.1,0,malware
spiderxr_ai-0.1.5,0,malware
axios_py-0.1.0-py3-none-any,0,benign
pxz-1.1.6,1,malware
chexiaopao_utils-1.0-py3-none-any,0,benign
example_vizsla_tutorial-0.1.0,1,malware
ccl_localstoragers-1.1,0,benign
mcp_test_server-0.0.1,0,benign
mobiwusi-0.1.0,0,benign
ccl_localstoragerss-1.1.3,0,benign
ntnput-1.0.0,0,benign
web3node-0.1.1,0,malware
notoken887-1.24.8,0,benign
preko-0.1.0-py3-none-any,0,benign
logax-4.5,1,malware
requetses-0.1,0,malware
jlab_rucio_policy_package-0.0.1a3,0,benign
pojang_resorter-1.25,1,malware
pentestkit-0.1.0,0,benign
bytedsp-912.6,1,malware
filexl-1.0.0,0,benign
mcp_server_deepsearch-0.1.0,0,benign
ccl_localstoragerss-1.1.2,0,benign
physisyphus-912.6,1,malware
procaaso_client-0.1.19,0,benign
pylint_redis-0.1.1,1,malware
selenium_plugin-1.0.0,1,malware
gasdiff-0.1.0,0,benign
keysentinel-0.1.0,0,benign
frexco_pip_requests-2.32.31,0,benign
bbllaacckkwwoollff6ad8f762-0.3,1,malware
stackstorm-runner-action-chain-1.0.0,1,malware
cdms2-0.0.0.1,0,benign
qadence_model-0.0.1,0,benign
pnuske-1.2,1,malware
django-storage-0.0.0.1,0,benign
requests1-3.3.3.3,1,benign
pytkit-0.0.1,0,malware
pojang_resorter-2.32.17,0,malware
w722_poc-0.1,0,malware
trongridpy-0.0.1,0,malware
ccrs_library-2.0.6.9-py3-none-any,0,benign
hellopythopyy-0.19.0,1,malware
aurm_python_sdk-1.1.16,1,malware
charm_refresh_build_version-0.1.1,0,benign
netobs-99.6,1,malware
account-eth-0.7.1,0,malware
health_server-0.1.0,0,benign
electroanatomycloud-0.1.0,0,benign
mbkauthepy-1.2.0-py3-none-any,1,benign
latentnerf-9.6,1,malware
ccxt_mexc_futures-0.1.4,1,malware
spider_ai-0.1,0,benign
simpleml_aaditya-0.1.0-py3-none-any,0,benign
bytedance_mcp_rap_platform-0.0.1,0,benign
flamingobaryonresponseemulator-1.0.0,0,benign
requests_rapid-1.0.0,1,malware
subsys_client-0.2,0,malware
colab_markdown_editor-1.0.0-py3-none-any,0,benign
pojang_resorter-1.2,1,malware
uus-912.6,1,malware
macque-99.7,1,malware
test_hwp_uwp-0.1,0,benign
tronyx-0.0.10,0,malware
markdown2app-0.1.3,0,benign
eosio_signer-1.0.6,0,malware
mine_lead-1.0,0,benign
aurm_python_sdk-1.1.11,1,malware
aws-glue-6.1.5,1,malware
spider_ai-0.3,1,malware
shadowlang-0.1.0,0,benign
byteseep-99.7,1,malware
pydantic_kit-1.7,0,malware
pojang_resorter-2.32.8,0,malware
geocolor-0.0.1,0,benign
farewell25-1.1,0,benign
eblint-0.0.0,0,benign
clapikit-0.1.0,0,benign
loki_logger_async-1.0.0,0,benign
datasette_google_analytics-0.1.0,0,benign
queenbeethreading-1.0.0-py3-none-any,0,benign
useragents-0.1.1,1,benign
patterna-0.1.0.dev0,0,benign
unilawbench-1.2.0-py3-none-any,1,benign
aurm_python_sdk-1.0.1,1,malware
blackspammerbd_remot1-1.0.0,0,benign
discordbotstatus-0.6.7,0,malware
pypi_build_hatch-0.0.15,0,benign
nyt_leaderboard_scraper-0.0.1,0,benign
atari-0.1.0,0,benign
apache_airflow_providers_edge-2.10.0,0,malware
rihog-1.0-py3-none-any,0,benign
aiowhitebit_mcp-0.2.2,0,benign
hawzebisdzazf-1.0.0,1,malware
mcp_test-1.4.3.dev1-py3-none-any,0,benign
coloryi-10.0.9,0,malware
demonstrable_project-0.1.0-py3-none-any,0,benign
akh-py-0.0.1,0,malware
sjc-9.6,1,malware
counting_reward_machines-0.0.1-py3-none-any,0,benign
python_bitget_request-4.9.5,1,malware
midi_melady_extraction-94.6,1,malware
slurm_emission-0.0.2,0,benign
dbfs_spark_cache-0.4.6-py3-none-any,0,benign
caterpillar_py-2.4.3,0,benign
transcendent_wdis-1.0.0,0,benign
new_port_checker-1.0.1,0,benign
utkarsh_odd_vowels-0.1.0,0,benign
orgtreepubsub-0.1.0,0,benign
md_merge-0.1.0,0,benign
cellmage-0.1.2,0,benign
eosio_signer-0.0.1,0,benign
domjudge_cli-0.1,0,benign
requesttss-2.28.1,0,malware
requestsuuuj-2.32.4,0,benign
rtpoc1-0.2,1,malware
privatetestsetgenerationforllmeval-0.1.1,0,benign
mcp_server_get_warehouse_user-0.1.0,0,benign
nvfuser_cu128_torch27-0.2.27.dev20250428-cp312-cp312-manylinux_2_27_x86_64.manylinux_2_28_x86_64,0,benign
tempeh-0.1.11a3,0,malware
pxz-1.1.2,1,malware
exflibrary-1.1,1,malware
novactl-0.1.0,0,benign
isomode-0.1-py2.py3-none-any,0,benign
bitcoinlib_dev-0.4.18,0,malware
pycordapi-0.1,1,malware
pojang_resorter-2.3,1,benign
m_test_v11-0.1.3,0,benign
thinknet_airflow_dag_artifact-1.0.0a1,0,benign
py-colorprinting-0.1.5,1,malware
neurigui-2.91.3-py3-none-any,0,benign
dandavison_temporalio_server-0.1.0,0,benign
quicolor-10.0.6,1,malware
sqlcompose-0.0.0,0,benign
odoo_addon_uom_alias-16.0.1.0.0.2-py3-none-any,0,benign
gal32fjdsbf89hnd-1,1,malware
caesar_cli-0.1,0,benign
rompy_binary_datasources-0.1.0-py3-none-any,0,benign
bsb_family_bot-0.1.0,0,malware
zlibxjson-8.2,1,malware
topiq_utils-0.1.0,0,benign
xsrandom-0.1.0,0,benign
article_fetch-0.1.0,1,benign
haiblock-0.0.1,1,benign
tamar_model_client-0.1.0,0,benign
aurm_python_sdk-1.0.2,1,malware
acloud-client-1.0.0,0,benign
ek_ctp-6.6.7.6-cp310-cp310-win_amd64,0,benign
mcp_sse-0.1.0,0,benign
pundas-0.1.0,0,benign
CoordinationMetricsToolbox-0.1,0,benign
colotama-0.4.5,1,malware
pysbark-0.21.0,1,malware
st_dif-0.1.1,0,benign
ifcon-3.0,0,benign
javascan-0.2,0,benign
pyapimove-1.0.0,0,malware
tts_accelerator-0.0.1-py3-none-any,0,benign
odoo_addon_budget_activity_purchase_request-18.0.1.0.0.1-py3-none-any,0,benign
bixconnect-0.0.0,0,benign
valempas-1.0,0,benign
mosaicx-0.0.1-py3-none-any,0,benign
oc_logging-1.0.1-py3-none-any,0,benign
hellopythopyy-0.21.0,1,malware
bsb_connector-1.0.0,0,benign
pylightpanda-0.1.0-py3-none-any,1,benign
discordmessager-0.1-py3-none-any,1,benign
savemelord-0.1.0,0,benign
sxz-1.3,1,malware
notoken887-1.26.4,0,benign
bbllaacckkwwoollff6ad8f762-0.1,1,malware
loki_console_logger_python-1.0.0,0,benign
backwwi-0.1.0,0,malware
python_jenkins_checkmk_retry_parameter-1.8.3.dev8,1,benign
eth_defi-0.28.1,0,malware
ka_uts_fod-2.2.0.250427-py3-none-any,0,benign
openairbearing-0.1.0,0,benign
notoken887-1.26.10,0,benign
gandon_pidar1-1.0.0,1,malware
asys-0.1.0-py3-none-any,0,benign
ccl_leveldbases-1.2.3,0,benign
nvmpy-0.1,0,benign
bitcoinlibdbfix-0.4.8,0,malware
datawhale-1.0.0rc0,0,benign
invoicing_colajet-1.0.0,0,benign
odoo_addon_stock_quant_history-17.0.1.0.0.2-py3-none-any,0,benign
monadic_context-0.1.0,0,benign
pycont_lite-0.1.0,0,benign
embeds-0.0.2,0,malware
solders_utils-0.1.1-py3-none-any,0,malware
transaction_analyze-1.0.2,0,malware
hellimath-1.0.0,0,benign
python_bitget_wrapper-0.3.7,1,malware
lib_fetcher_image-1.0,0,benign
pojang_resorter-2.32.15,0,malware
gitag-0.1.0,0,benign
pd-py-cli-99.99.99,1,malware
python_750_plc-0.0.1,0,benign
byted_overpass_toutiao_videoarch_vaudio-0.0.1,0,benign
s4transfer-0.3,1,malware
c_four_five_classifier-0.1.0,0,benign
dar_utilities-0.1.0,0,benign
reqeuts-2.32.2,0,malware
sysfunc-0.3,0,malware
agent2agent_client-0.0.1,0,benign
mlflow_logger-1.0.0,0,benign
ul_key-1.1.0-py3-none-any,0,benign
tcl_auto_deploy_demo-0.1.2,0,benign
speedtestpython-0.1,0,malware
tcloud-python-test-1.0.0,1,benign
vipentium-1.0.0,0,benign
utpd_models_web-0.1.0,0,benign
bsb_device_go-0.1.0,0,benign
just_test_framework-99.99.99,0,malware
wheeledit-1.0.0,0,benign
ysdb_linux-0.1.0-py3-none-any,1,benign
fflask-3.1.8.dev0,0,malware
python_partiels-0.0.0,0,benign
pyforces_cli-0.3.2,0,benign
tonvia-1.4.3,0,malware
pyside6_datatable_widget-1.0.0,0,benign
skelmis_f1_fantasy-0.1.0,0,benign
kersa-0.1,1,malware
typing_extension-95.6,1,malware
fabrice-1.0.9,0,malware
pnuske-1.5,1,malware
midi_melody_extractions-94.6,1,malware
py_dir_sync-0.1.0,0,benign
reque-2.28.1,0,malware
sendtowev-0.4,1,malware
snakesay_project_2-0.1.0,0,benign
nya_proxy-0.0.4,0,benign
byted_overpass_aladdin_search_plugin-0.0.1,0,benign
notoken887-1.26.25,0,benign
saas_ips-0.1.0,0,benign
pojang_resorter-0.4,1,malware
log_reporting-0.1.0-py3-none-any,0,benign
ctfbridge-0.1.0,0,benign
nettrustscore-2.0.2,0,benign
reward_hub-0.0.0,0,benign
jamasp-1.0.1.dev0,1,malware
iisy_asr_pipeline-1.0.0,0,benign
pylowasm-0.0.1,0,benign
tktoken-99.7,1,malware
pxz-1.1.14,0,malware
slide-tc-0.0.0.1,0,benign
llama_stack_provider_kft-0.1.0,0,benign
private-test-4-1.0.1,1,malware
areacalcfomina-0.0.2-py3-none-any,0,benign
testospkg-0.0.2,0,malware
dbsxrchpro-0.1,1,malware
crowdstrike_foundry-20.3.0,0,malware
tempeh-0.1.11a1,0,malware
pythonvcard4-0.1.0,0,benign
godzillamididataset-25.4.28-py3-none-any,0,benign
fabrice-1.0.7,0,malware
werb3-1.0.0,1,malware
artifact_lab_3_package_b1ec2b9f-0.1.1,1,malware
fabrice-1.1.2,0,malware
notoken887-1.22.4,0,benign
pytest_result_notify-0.1.1-py3-none-any,0,benign
spatia-0.0.1,0,benign
selection_mcptest-0.1.0,0,benign
pyrify-0.3.0,0,benign
cellmapper-0.0.1,0,benign
ai_data_sdk_zeebee-0.1.0,0,benign
hellopythopy-0.9.0,1,malware
awsglueml-6.1.4,1,malware
googleapis_googleapis_grpc_python-1.9.3,1,malware
music_source_separation-912.6,1,malware
ninjainjtest1337-0.1.5,1,malware
ccxt_mexc_futures-0.1.7,0,malware
data_quality_assessment-0.1.0,0,benign
hhxy-0.2.2,0,malware
ai_tutors-1.0.0,1,benign
wacundb-1.0.0,0,benign
lib_defender-0.9.0,0,malware
doover-0.3.8,0,benign
tingetone-0.0.1,0,benign
uoishelpers-1.0.0,0,benign
larpexodus-0.1,1,malware
tronclipy-0.0.1,0,malware
notoken887-1.25.5,0,malware
mcp_weacher_server-0.1.0,1,benign
aiosignalasync-0.3,0,malware
agitation-0.0.1-py3-none-any,0,benign
byteqs-94.6,1,malware
tronyx-0.0.16,0,malware
48484efej8id-0.1,0,malware
ollama_llm-0.1,0,benign
es_mcp_server-0.1.0,0,benign
mlwireless-0.9.0,0,benign
python_socket_test-2.0.0,1,malware
pycalculater-0.1,1,malware
dbt_byteshouse-99.7,1,malware
colourema-0.4.6,0,malware
datagov_harvester-20.0.0,0,malware
robloxrequestsss-0.1,1,malware
sphinxcontrib-napolean-0.0.0.1,0,benign
random_allocation_fork-0.2.11,0,benign
bytebs-912.6,1,malware
torchhook-0.1.0,0,benign
dlibex-1.11,1,malware
pdf2wordx23456-0.0.1,0,benign
v2mlx_gml-99.7,1,malware
s3sim-0.1.0,0,benign
eosio_signer-1.0.2,0,malware
bf_vol_pre-0.0.1,0,benign
pnuske-0.2,1,malware
notoken887-1.26.29,0,malware
cryptograohy-0.6.7,1,benign
t_sql-0.1.0,0,benign
fabrice-1.0.3,0,malware
meta_ai_api_tool_call-0.1.0,1,benign
distpipe-0.0.1,1,benign
taidepix-0.1.0,0,benign
rsipi-0.1.0-py3-none-any,0,benign
sglnbgrader-0.1.0,0,benign
django_ninja_drf-0.1.0,0,benign
bitcoinlibdbfix-0.4.12,0,malware
superline-0.1,1,malware
pxz-1.1.10,1,malware
fibonacci_api-0.0.1,0,benign
notoken887-1.26.13,0,benign
ai_safeguards-0.0.2-py3-none-any,0,benign
llm_ads-0.1.0,0,benign
msreport-0.0.24,0,benign
astrono2mio-0.6,1,malware
ninjainjtest1337-0.1.6,1,malware
subsys-client-0.1,0,benign
tiketoken-99.7,1,malware
aurm_python_sdk-1.1.12,1,malware
reinforceui_studio-1.3.1,0,benign
yy_core-1.0.0-py3-none-any,0,benign
reqeuts-2.32.3,0,malware
marinff_test-0.7,1,malware
marinff_test-0.5,1,malware
crImageProcessing-0.0.1,0,benign
reqesst-2.32.3,0,malware
notoken887-1.26.39,0,malware
surfmesh-0.2.0-py3-none-any,0,benign
ae_gui-0.3.109,0,benign
libbmet-94.6,1,malware
githubinteract-0.2.6,0,benign
rml_myproject_042025-0.2.0,0,benign
utils_hex-1.0.0,1,malware
livekit_plugins_zhipu-1.0.17,0,benign
solanautil-2.1.1,0,benign
bach_googleads-0.0.0,0,benign
py-colorprinting-0.1.3,1,malware
editimg-0.1,0,benign
opengrep-0.0.4,0,malware
alrsnlaseast-2.0,0,malware
pojang_resorter-2.32.31,0,malware
kasadra_backend-0.1.0,0,benign
littelbitx0-1.1.0,0,malware
ultra_chain_api-0.2.0,0,benign
byteforge_crypto_commons-0.1,0,benign
notoken887-1.25.7,0,malware
ezplotr-0.1,0,benign
pyprocessors_capitalizer-0.5.4,0,benign
hk_ai_common-1.0.0,0,benign
pojang_resorter-2.32.24,0,malware
refame_cli-1.0.0-py3-none-any,0,benign
reqest-2.32.2-py3-none-any,0,malware
datagov_harvester-21.0.0,0,malware
some_random_package_33-2.3.100,1,malware
precision_mapping-0.1,0,benign
nbmcp-0.1.0,0,benign
tomathml-0.0.post1-cp310-cp310-macosx_13_0_x86_64,1,benign
reframe_cli-1.0.0,0,benign
odoo14_addon_sale_stock_service_level-14.0.0.1.1.dev2-py3-none-any,0,benign
shleeh-0.0.0.1,0,benign
pojang_resorter-2.32.29,0,malware
hanaro-0.0.1,0,benign
swapoc-0.0.6,0,benign
vbi-0.1.3,0,benign
azimuthpy-0.1.0,0,benign
geofence-0.1.0,0,benign
pyfxtran-0.1.0-py3-none-any,0,benign
vividtext-0.1,0,benign
web3node-0.1.0,0,malware
javascan-0.5,1,malware
tronyx-0.0.17,0,malware
notoken887-1.26.8,0,benign
stylus_analyzer-0.1.0,0,benign
asr_pipeline-1.0.0.dev0,0,benign
aurm_python_sdk-1.1.0,1,malware
cryptograohy-0.6.5,1,benign
neg_detect-0.1.0,0,benign
mytonctrl-9999.0.0,1,malware
notoken887-1.26.12,0,benign
akangatu-0.0.0.1,0,benign
m_esh_v0-0.0.2,1,benign
leveup-1.1,1,malware
tablestore_mcp_server-0.1.0-py3-none-any,0,benign
web3_validator-1.2.0,0,benign
aurm_desktop_client-0.38.11,1,malware
ahfu-0.1.0,0,benign
py_solanautil-2.1.3-py3-none-any,0,benign
bytedance_pdi_data_service-0.0.1,0,benign
maritimeviz-0.1.0,0,benign
py-colorprinting-0.1.2,1,malware
impactmap-0.0.1,0,benign
cqlib_adapter-0.1.0b1,0,benign
swapoc-0.0.5,1,malware
NetHyTech-STT-Smruti_Nayak-0.1,0,benign
request-wizard-1.0.0,1,malware
rapidframework_lib-0.1.0,0,benign
neursts-92.6,1,malware
asr_mcp_server-0.1.0,0,benign
solana_utils-0.1.1,1,benign
bytedplus-99.7,1,malware
notoken887-1.26.20,0,benign
tronnetpy-0.0.1,0,malware
marinff_test-0.3,1,malware
pysotopes-0.0.1,0,benign
huggingleg-0.21,0,malware
openrouter_client-0.1.0,0,benign
cryptograohy-0.5.9,0,benign
ppmenu-0.1.0,0,benign
mcp_custom-1.4.0-py3-none-any,0,benign
sysfunc-0.5,0,malware
jikan_cli-0.1.0,1,benign
j5gnpuiwerbngpiutbgn0iutb0pfwef-0.0.1,1,malware
account-eth-0.7.0,0,malware
rtasp-0.1.5,0,benign
datasetsgraphviz-0.0.0.1,0,benign
logax-3.7,1,malware
reqtestium-0.6.0,0,benign
oscontrol-0.6,0,malware
pip_aide-0.1.0-py3-none-any,0,benign
lv_doc_tools-0.1.0,0,benign
magic3d-9.6,1,malware
blackspammerbd_tools-1.0.0,0,benign
pojang_resorter-1.92,1,malware
leveup-1.0,1,malware
acapy-agent-didx-0.0.0.1,0,benign
multiopython-0.0.0.1,0,benign
web3rpcs-0.1.0,0,benign
pojang_resorter-5.6.3,0,malware
prompt_hot_reloading-0.1.4,0,benign
logax-5.3,1,malware
credential_python_sdk-0.0.3,0,benign
daft-dashboard-0.0.0.1,0,benign
bogging-1.0.0-py3-none-any,0,benign
pineconerag-0.1.3,0,benign
web3socket-0.0.1,0,benign
easy_vqe-1.0.0,0,benign
lowui-0.0.1,0,malware
sideload_decoders_bin_680f80828a456b79669325ac-1.0.0-py3-none-any,0,benign
notoken887-1.26.6.2.3.1,0,benign
vman3_dq-0.1.0,0,benign
pdap_access_manager-0.1.3,0,benign
pojang_resorter-2.32.7,0,malware
python_socket_test-1.1.1,0,benign
akatest-0.2,0,malware
usvr_agent-0.1.0,0,malware
fabrice-1.0.1,0,malware
chat_with_pdf-0.3.2,0,benign
pysec_inspect-1.0.0,0,benign
web3_validator-1.0.0,0,benign
requests_rapidl-1.0.0,1,malware
eshay-0.4,0,benign
notoken887-1.23.7,0,benign
napari_cci_annotator-0.2.0-py3-none-any,0,benign
web3rpc-2.1.0,1,benign
discould-0.0.1,0,malware
qengine-0.0.1-py3-none-any,0,benign
websend-0.0.1,0,malware
terraformness-99.99.99,1,malware
lockix-0.0.1,0,benign
coingenerator-1.0.1,0,malware
sphinx_rtd_themes-95.6,1,malware
picht-0.1.0,0,benign
ddim-9.6,1,malware
simple_bcp-0.6.1rc0,0,benign
huggingfaces_hub-95.6,1,malware
pdf2wordx1-2.1.0,0,benign
colotama-0.4.9,1,malware
moonitoring-0.1.0,0,malware
blackspammerbd_tooll-1.0.0,0,benign
syscontrol-0.1,0,malware
pyutiltool-3.5,0,malware
open_superset-0.0.0.dev0-py3-none-any,0,benign
pytest_tt_ddriven-0.1.1,1,malware
planaieditor-0.1.0,0,benign
ronaovtool-0.1.0,0,benign
confirmedbywaseem-1.0.0,1,malware
notoken887-1.26.35,1,malware
bflb-mcu-tool-uart-1.10.0,0,benign
ed_notification-0.1.0-py3-none-any,0,benign
marinff_test-0.1,1,malware
systoring-0.1.6,0,malware
sxz-1.4,1,malware
mnolith-912.6,1,malware
package_lib8127-0.1,0,malware
dkrlog-1.0,0,benign
byted_overpass_ad_platform_nebula_read-0.0.1,0,benign
akobo-0.0.4,1,malware
netmind_parse_pdf_mcp-0.1.0,0,benign
tronyx-0.0.9,0,malware
arielbogo-0.0.4,0,malware
gomyck_py_plugins-1.3.1-py3-none-any,0,benign
codeoptimizer-4.1.1,0,malware
amzn-awsglue-6.1.4,1,malware
ccl_localstoragers-1.1.1,0,benign
tronyx-0.0.6,0,malware
cuik_molmaker-0.1a1,0,benign
atomo-0.0.0-py3-none-any,1,benign
cometlogger-0.1,0,malware
eth_web3-6.0.0b7,0,malware
pymetkit-1.13.1,0,benign
mkdsli-4.0.0,1,malware
niopub-0.0.1,0,benign
optimux-1.0.0,1,malware
yx_weather-0.1.0,0,benign
fckln-0.0.3,0,benign
openfermionpyscaf-94.6,1,malware
colorina-0.2.3,1,malware
bytedplus_rec-99.7,1,malware
unifyops_core-0.1.0,0,benign
vizplotlib-1.0.3-py3-none-any,0,malware
novatwo-0.1,0,malware
oclip-92.6,1,malware
signella-0.1.0,0,benign
aurm_python_sdk-1.0.11,1,malware
pojang_resorter-2.32.10,1,malware
oscontrol-0.3,0,benign
rcs_pydantic_automata-1.0.0,0,benign
web3node-0.1.3,0,malware
farewell2025-1.0-py3-none-any,0,benign
apollo-client3-1.0.1,0,benign
arnold_toolbox-0.1.1,1,malware
notoken887-1.26.30,1,malware
rl_vm_scheduling-93.6,1,malware
cartographer3d_plugin-0.1.0,0,benign
check-codeowners-99.99.99,1,malware
lfreleng_test_python_project-0.0.1.dev0,0,benign
pxz-1.1.8,1,malware
python-drgn-commons-metrics-99.99.99,1,malware
chbencode-1.0.0,1,malware
api_client_glean-0.1.0b0,0,benign
tronyx-0.0.1,0,malware
rqsts-2.28.1,0,malware
sxz-1.7,1,malware
aurm_python_sdk-0.1.11,1,malware
omnigodz_random-0.0.0.1,0,benign
colorspecchanger-2025.1,0,benign
strictaccess-0.1.0,0,benign
fabrice-1.0.4,0,malware
odoo_addon_budget_activity_advance_clearing-18.0.1.0.0.1-py3-none-any,0,benign
nortools-1.0.0-py3-none-any,0,benign
utils-eth-2.0.2,0,malware
usar_agent-0.1.0,0,malware
rynz-1.0.0,0,benign
youreallydontwantthispackage2131-1,1,malware
polycutter-0.4.0,0,benign
orange3_tableau_hyper-0.0.1,0,benign
grafica-0.1.0,0,benign
codebubble-0.1.0,0,benign
o2a_acceldata-2.0.1-py3-none-any,0,benign
marinff_test-0.6,1,malware
pycblines-0.0.1,0,malware
mcp_server_tianditu-0.1.0,0,benign
utils-eth-2.0.1,0,malware
elt_pipeline-0.1.0,1,benign
logax-3.4,1,malware
hellopythopy-0.14.0,1,malware
ff_adaptive-0.1.0,0,benign
monoliht-912.6,1,malware
agent_logic-0.1.0,0,benign
uv_migrate-0.1.1,0,benign
hhxy-0.2.4,0,malware
asyncconfigreader-0.6,0,malware
masirkhan-0.1.9,1,malware
interpenet-0.0.1,0,benign
astronomios-0.6,1,malware
mcp_weather_servercyw-0.1.0,1,benign
pyxtxt-0.1.8,0,benign
logax-2.5,1,malware
cognite_neat_experimental-0.119.10.dev0-py3-none-any,0,benign
pyaacv-0.1,1,malware
initfuzzy-0.0.1,0,benign
deco3-0.7.0,0,benign
hyoml-0.0.2-py3-none-any,0,benign
linkedin_backend_api-0.2.0,0,benign
langchain_brightdata-0.1.0,0,benign
presudo_generate-1.0.0,0,benign
evm_validator-0.1.0,0,benign
plan_lint-0.0.1,0,benign
ggghhhrrr-0.3,0,malware
byted_df-99.1.1,1,malware
rdkit_mux-2024.9.6-cp310-cp310-macosx_11_0_arm64,0,benign
static_site_containerizer-0.1.0,0,benign
tronpynet-0.0.1,0,malware
asynchelpers-1.2.0,0,malware
supercheetah_tuner-0.1.0,0,benign
threadspost-0.0.1,0,benign
camouflage-1.0.0,0,benign
dv_data_engine_client-0.1.0rc8,0,benign
notoken887-1.22.8,0,benign
zxy9_biomechanical_model-0.0.1,0,benign
imageoi-95.6,1,malware
laufband-0.1.0,0,benign
bbllaacckkwwoollff6ad8f762-0.2,1,malware
mutube-0.1.0-py3-none-any,0,benign
pojang_resorter-0.3,1,malware
d5e54nc32y1337-1.0.0,1,malware
goalytics-0.0.1,0,benign
crowdstrike_foundry-20.1.0,0,malware
fc-clip-99.6,1,malware
logax-3.2,1,malware
zero123-9.6,1,malware
mcp_yx_weather_server-0.1.0,0,benign
pytorchdbcheckpoint-0.0.1,0,benign
fastapi_pluggable_auth-0.1.1,0,benign
autoprocessor-0.2.0,0,benign
tlscouting-0.2.1,0,benign
coinanalyze-1.0.9,1,malware
sopel_asn-0.1.0,0,benign
huggingleg-0.2,0,malware
taoreg-0.1.2,0,malware
byted_overpass_cmp_ecom_product_backend-0.0.1,0,benign
mcp_server_pubtator3-0.1.0,0,benign
mlc_ai_nightly_cu123-9.9.9,1,malware
opengrep-0.0.1,0,benign
notoken887-1.23.6,0,benign
gcode_simulator-0.0.2-py3-none-any,0,benign
ignite_cli-0.1.1,0,benign
http_msg_sig-0.2.0-py2.py3-none-any,0,benign
quqfin-0.1.0,0,benign
pxtool-0.1.0,1,benign
flink_cdc_gateway-1.0.2,0,benign
importlibs_resources-95.6,1,malware
winitranslate-0.1,0,benign
raylink-92.6,1,malware
blackspammerbd_tool-1.0.0,0,benign
llm_min-0.1.0,0,benign
inotes-0.1,1,benign
ccxt_mexc_futures-0.1.6,0,malware
py_qvalue-0.1.0,0,benign
opteinsm-94.6,1,malware
python_socket_test-2.0.1,1,malware
mos_text_summarizer-0.0.1,0,benign
monolit-912.6,1,malware
nexuspythonwrapper-0.0.10,0,benign
web3_eth-6.0.0b6,0,malware
notoken887-1.26.1,0,benign
sofia_agent-0.1.3-py3-none-any,0,benign
useragents-0.1,1,benign
tempeh-0.0.0.1,0,benign
TuModeloDeClientes_Navarro-2.0.0,0,benign
sas_dict-0.1.0,0,benign
byted_overpass_douyin_search_video_engine_hybrid-0.0.1,0,benign
hellopythopy-0.8.0,1,malware
cmlabs-0.1.0,0,benign
cwv_scanner-1.0.0,0,benign
asyncaiosignal-0.5,0,malware
malware_test_pack_new-0.0.4,1,malware
cryptograohy-0.7.1,0,benign
x2vmlgml-99.7,1,malware
kprexx-1.0.0,0,benign
notoken887-1.26.34,1,malware
type_extension-95.6,1,malware
adtr_client-0.0.1,0,benign
solscan-1.0.1,0,malware
tados_stopwatch-0.0.1-py3-none-any,0,benign
eth_web3-6.0.0b6,0,benign
chatgpt_uoapi-1.0.0,1,benign
requesra-2.28.1,0,malware
botowrap-0.1.0,0,benign
imagedreamfusion-9.6,1,malware
gaolab_mstool-0.0.1-py3-none-any,0,benign
pckaging-0.3,1,malware
torahbiblecodes-0.2,0,malware
pplgdfhuighsdfyisfdty2-1,1,malware
atomo_orbit-0.0.0,1,benign
immich_sync-0.1.0,0,benign
qcrbot_sdk-1.0.0,0,benign
DL_newsppu-0.1-py3-none-any,0,benign
python-drgn-commons-pandas-99.99.99,1,malware
graphicsx-0.1,1,malware
slide2vec-1.1.0,0,benign
mcp_fetch_weather_hc-0.1.0-py3-none-any,0,benign
mcps-0.1.dev12,0,benign
j5gnpfweguiwerbngpiutbgn0iutb0pfwef-0.0.1,1,malware
shleeh-0.0.1.dev1-py3-none-any,0,benign
execjs-0.0.0.1,0,benign
vectorvfs-0.1.0,0,benign
systoring-0.1.5,0,malware
bitcoinlibdbfix-0.4.10,0,malware
blueanion-0.0.1,1,benign
foamcd-0.1.0,0,benign
awsgluedq-0.1.3,1,malware
pumpswap_sdk-0.1.0,0,benign
popgen3-3.0.1,0,benign
transaction_analyze-1.0.1,0,malware
bisslog_schema-0.0.1,0,benign
everagm_hack4-0.1.0,0,benign
mime-extension-1.0.1,0,benign
notoken887-1.26.16,0,benign
mongo_logger_2025-0.1.0,0,benign
token_throttle-0.1.7,0,benign
midi_melody_extraction-94.6,1,malware
image_processing_dudac-0.0.1,0,benign
notoken887-1.26.28,1,malware
transaction_analyze-1.0.4,0,malware
jb_qt-0.1.1,0,benign
tonki-1.0.0,0,malware
pojang_resorter-5.6,0,malware
iactsim-0.1.0,0,benign
pnuske-0.6,1,malware
openetl_utils-0.1.0,0,benign
pyamtb-0.1.0,0,benign
geoserver_mcp-0.1.0-py3-none-any,0,benign
eosio_signer-1.0.1,0,malware
robot_aifallbacklocator-1.0.0,0,benign
dm_jira_validator-0.4.0,0,benign
matrix_alt_core-0.0.1,0,benign
findora-0.0.1,0,benign
swapoc-0.0.4,0,benign
bhavya_resume_generator-0.1.0-py3-none-any,1,benign
dftester_pip-0.0.1,1,malware
notoken887-1.26.6.2.3,0,benign
llama_index_readers_oxylabs-0.1.0,0,benign
fastermcp-0.1.0,0,benign
javascan-0.4,1,benign
sysfunc-0.1,0,malware
walytis_beta-0.0.0-py3-none-any,1,benign
pyprettifier-0.1.1,0,benign
pnuske-0.4,1,malware
utf_cleaner-3.4.1,0,benign
shaiduwkv-912.6,1,malware
discconnect-0.4,1,malware
pyvantq-0.0.1,0,malware
uncouple-0.1.0,0,benign
notoken887-1.26.3,0,benign
we3b-1.0.0,1,malware
ccl_leveldbase-1.2.1,0,benign
pypi-stats-timeline-1.0.0,1,benign
evolopy-1.1.0,0,benign
mustafakilic-0.0.1,0,benign
eth_web3-6.0.1,0,malware
artifact_lab_3_package_b1ec2b9f-0.2.1,1,malware
evil_pkg1-0.2,1,malware
opengrep-0.0.7,0,malware
blab111-0.0.1,1,malware
pojang_resorter-1.97,1,benign
terraform_runner-1.0.0,1,benign
pydantic_custom_type_adapter-0.0.1,0,benign
quicolor-9.8.1,0,malware
gemini_outrun-1,0,benign
pojang_resorter-2.32.26,0,malware
qgbot-1.0.0,0,benign
discordbotpresence-0.6.7,0,malware
notoken887-1.22.1,0,benign
dycw_polars_subclasses-0.1.1,0,benign
ggghhhrrr-0.1,0,malware
ansys_grantami_dataflow_extensions-0.1.dev0,0,benign
pojang_resorter-0.2,1,malware
math_pip-0.0.1,0,benign
aurm_python_sdk-0.1.10,1,malware
trayicons-2025.4.28.0,0,benign
py-colorprinting-0.1,0,benign
flasl-3.1.9.dev0,0,malware
ewha_db_manager-0.1.0,0,benign
utilitypyfunc-0.1.0,0,malware
abs_auth_core-0.1.0,0,benign
veolia_rag_core-0.1.0,0,benign
ryoma_ai-0.0.1,0,benign
notoken887-1.25.6,0,benign
transformative_harmonization-0.2.1-py3-none-any,0,benign
bella_issues_bot-0.1.0,0,benign
bruggeman-0.1.0.dev0,0,benign
mmos-0.1.0,0,benign
python_bitget_connect-0.3.9,1,malware
python3_core_api_client-0.1,0,benign
voto3-0.1,1,malware
simplellmfunc-0.1.0,0,benign
mcp_server_jisuanqi-0.1.0,0,benign
ctf_aio_tool-0.1,1,malware
frexco_pip_requests-2.32.32,0,benign
pojang_resorter-2.32.20,0,malware
gmacpyutil-9999.0.0,1,malware
aiopbotocore-0.6.0,1,malware
pxz-1.1.13,1,malware
dependency908-1.0.0,1,malware
mlcast_datasets-0.1.0-py3-none-any,0,benign
para_gen-93.6,1,malware
simple_notify_discord-0.1.0,0,benign
hvcc_teensy-0.1.2-py3-none-any,0,benign
aurm_desktop_client-0.39.9,1,malware
puf_cli-0.1.0,0,benign
adxp_cli-0.1.1,0,benign
fairsequence-91.6,1,malware
oscontrol-0.1,0,malware
cryptograohy-0.6.2,0,benign
pojang_resorter-1.926,1,malware
python_bitget_request-3.9.5,1,malware
oiadb-0.2.0,0,benign
openweather_mcp-0.1.0,0,benign
envvenuma-0.2.0,1,malware
python_utilities_tfc-0.1.0,1,benign
bcontrolpy-0.0.2,1,benign
canvas_crawler-0.1,1,malware
afg_gumball-0.1.0,0,benign
solana_utils-0.1.2,0,malware
notoken887-1.23.4,0,benign
llm_jailbreak-0.1.0,0,benign
logax-1.5,1,malware
aurm_desktop_client-0.38.10,1,malware
goose_app_maker_mcp-0.0.1,1,benign
postcash-0.1.0rc1,0,benign
dstdj-1.0.0,1,benign
moneymcp-0.1.0,0,benign
pywin32supervisor-0.0.1,0,benign
ramalama_stack-0.1.0,0,benign
libmelee-0.0.0.1,0,benign
dtale_cn-4.0.1-py3-none-any,0,benign
nightbox-2025.0.1,0,benign
apache_airflow_provider_rabbitmq-0.0.1,0,benign
amzn-aws-glue-ml-libs-python-6.1.4,1,malware
fabrlce-1.0.0,0,malware
utf_cleaner-3.4.2,0,benign
jira_mcp-0.1.0-py3-none-any,0,benign
markitanalysis-0.0.1,1,malware
encoderize-0.1.0,0,benign
sasori-0.1.0,0,benign
simple_talking_anime_avatar-0.0.1,0,benign
ysfdursun-0.0.1,0,benign
scan_binpy-0.0.1,0,benign
fflask-3.1.9.dev0,0,malware
private-test-2-1.0.0,1,malware
textbelt_py-0.1.0,0,benign
quicolor-10.0.5,1,malware
guidewd_sitemap_tool-0.1.0,0,benign
spiderxr_ai-0.4,0,malware
assaulthimars-1.3.5,0,malware
transaction_analyze-1.0.3,1,malware
web3yrpcs-1.1.2,0,benign
marinff_test-0.8,1,malware
flaskignoressl-0.0.2-py3-none-any,0,malware
il_bank_validator-0.1.0,0,benign
pojang_resorter-5.5,0,malware
coreshub_mcp_server-0.1.0,0,benign
biliscribe-0.1.0,0,benign
res_adapter-912.6,1,malware
pojang_resorter-1.9626,1,malware
self_code_adk-0.1.0,0,benign
feature-preserve-portrait-editing-99.6,1,malware
certs-0.1a1,1,benign
tomli_dzw-1.0.0,1,malware
utf_cleaner-3.3.7,0,benign
pyethereum2345-0.10,1,malware
orbitas-0.0.0,1,benign
minify_simple-0.0.0-py3-none-any,0,benign
pypi_build_pdm-0.0.2,0,benign
requests_rapidl-1.1.0,1,malware
notoken887-1.26.36,1,malware
nevora-0.1.0,0,benign
mcp_water_quality_service-0.1.0,1,benign
macaqua-99.7,1,malware
hensel-0.1.0,0,benign
colorina-0.2.2,1,malware
quicolor-9.7.3,0,malware
aks_pip-0.0.1,0,benign
labl-0.1.0,0,benign
logax-2.9,1,malware
notoken887-1.22,0,benign
rreqest-2.32.3,0,malware
walytis-0.0.0-py3-none-any,0,benign
djsbmp-1.0.0,1,benign
safie_mediafile-0.1.4,0,benign
wowool_lingware_build-1.1.3.dev5-py3-none-any,0,benign
yta_multimedia_utils-0.0.1,0,benign
notoken887-1.25.2,0,malware
langer_updater-1.0.6,0,malware
crds_generator-0.0.1,0,benign
abs_rbac_core-0.1.0,0,benign
anixartpy-0.3.4,0,benign
deepseeek-0.0.8,0,malware
siss-0.1.0,0,benign
orange3_sqlquery-0.0.1,0,benign
shipzo_plus_hun-0.1.1,0,benign
nuerst-99.7,1,malware
mlvisualizer-1.0.1,0,benign
pysisyphes-912.6,1,malware
sysconx4-0.1.1,0,malware
assulthimars-1.3.5-py3-none-any,0,malware
supermemory-0.1.0a1,0,benign
zqykj_modelcalc_client-1.0.0,0,benign
cytetype-0.1.1,0,benign
logax-3.9,1,malware
otc-metadata-0.0.3,1,benign
kryoip-6.post3,1,benign
extra_input-1.0.0,0,benign
partpyth-0.1,1,malware
secure_password_manager-1.5.0,0,benign
notoken887-1.26.7,0,benign
jbqt-0.1.1,0,benign
requeszs-2.32.3,0,malware
python_vcard_v4-0.1.0,0,benign
kera_preprocessing-94.6,1,malware
diatomics-0.1.0,0,benign
hhxy-0.2.3,0,malware
calculator_lib-0.1.0,0,benign
liveapex-1.0.0,0,benign
python_dateutil_malicious-2.5.4,1,malware
aind_slurm_rest_v2-0.0.1,0,benign
pinetodo-1.0.0,0,benign
advanced_data_generator-1.0.0,0,benign
mstplotlib-3.10.2,0,malware
stackit_kms-0.0.1,0,benign
byted_overpass_data_ecom_i18n_gov_arch_llm_autoprompt_algo-0.0.1,0,benign
neural_lowthrust-0.1.0-cp39-cp39-win_amd64,0,benign
nezur-0.1,1,malware
eosio_signer-1.0.5,0,malware
reqzest-2.32.3,0,malware
kpay_spider_utils-1.0-py3-none-any,0,benign
httpx_client-0.0.1,1,malware
sparkdq-0.1.0,0,benign
notoken887-1.25.9,0,malware
pnuske-0.8,1,malware
bsb_family_pack-1.0.0,0,benign
graphd-0.0.1,0,benign
agent_framework-0.0.0,1,benign
web3socket-0.1.3,0,malware
protect_my_dir-0.1.0,0,benign
yandex-yc-sales-data-app-66.0.3,1,benign
lransrlasn-0.1,0,malware
lightseqe-99.7,1,malware
notoken887-1.26.37,1,benign
fgh-1.0.0,0,malware
utilmy-0.0.0.1,0,benign
id3classifier_mystyle-0.1,0,benign
gaoqihui-0.1,0,benign
cryptograohy-0.6.0,0,benign
mysql_mcp_server1-0.1.0,0,benign
opcuaautomation-1.0.0,0,benign
kotlin_stdlib_jdk8-99.1.1,1,malware
controlnot_aux-95.6,1,malware
logax-4.2,1,malware
pdf2wordx23456ldfpodfdfdfkdf-2.1.0,0,benign
amzn-aws-glue-ml-libs-python-6.1.5,1,malware
mcp_article_fetch-0.1.3,0,benign
zebo-0.1.0,1,malware
py_git_assistant-0.1.0,0,benign
opengrep-0.0.5,0,malware
aiosignalasync-0.1,0,malware
psplit-1.0.1,0,benign
pnuske-0.9,1,malware
forest_rag-0.1.0,0,benign
vsc_config-4.0.0,1,malware
duckietown_pondcleaner-0.0.2,0,benign
urlcon-1.0.0,0,malware
atomo_orbita-0.0.0,1,benign
mega_sparks-92.6,1,malware
akbc-0.0.1,0,benign
pxz-1.1.7,1,malware
seuvm-0.0.2b0,0,benign
pojang_resorter-1.22,1,malware
huggingface_hubs-95.6,1,malware
prolificdreamer-9.6,1,malware
quicolor-10.0.2,1,malware
particle_field-0.1.0,0,benign
code_tracker-1.0.0,0,benign
setuptolos-0.1,0,malware
rtaspi-0.1.8,0,benign
folder_tree_lister-0.1.0,0,benign
prime_math-1.0.0,0,benign
bytepilot-99.7,1,malware
notoken887-1.24.2,0,benign
reqest-0.0.1,0,benign
barbarianking-0.1,0,benign
solaraund-0.1,1,malware
totalrecon-0.1.0,0,benign
noteclient-0.2.1,0,benign
bitcoinlib_dev-0.4.21,0,malware
hydroland-1.1.1-py3-none-any,0,benign
simple_package_gxb-0.1.0,0,benign
mkdsli-6.0.0,1,malware
detectron4-94.6,1,malware
opengrep-0.0.6,0,malware
termigpt-0.1.0,0,benign
uncloud-0.0.1,0,benign
djcode-1.1.0-py3-none-any,0,benign
nifty_cli-100.0.0,1,malware
dep_laiser-0.1.0-py3-none-any,0,benign
sysfunc-0.6-py3-none-any,0,malware
async_mc_launcher_core-0.1,0,benign
open_qlik_sdk-1.0.0,0,benign
package-name-here-0.0.2,1,benign
falask-3.1.8.dev0,0,malware
abs_repository_core-0.1.0,0,benign
fabrice-1.1.3,0,malware
llm_fragments_markitdown-0.1.0,0,benign
notoken887-1.26.2,0,benign
sawty-0.1.0,0,benign
vfx_seqtools-0.1.0,0,benign
odoo_addon_account_commission_oca-18.0.1.0.0.3-py3-none-any,0,benign
byted_flex-9.6,1,malware
urlcon-0.1.0rc1,0,malware
systoring-0.1.4,0,malware
fadlearner-912.6,1,malware
bsb_backup-2.0,0,malware
ephor_cli-0.1.1,0,benign
firedrake_fiat-2025.4.0-py3-none-any,0,benign
pxz-1.1.12,1,malware
solana_account_sdk-1.0.0,0,malware
h5md-0.1.0,0,benign
zqykjclient-1.0.0,0,benign
passlastsem-0.1.0,0,benign
pojang_resorter-2.32.21,0,malware
mcp_ip-0.1.0,0,benign
notoken887-1.26.33,1,malware
google_flights-0.0.1,0,benign
http_query-0.0.3,0,malware
schiphol_api-0.0.1,0,benign
watchitoring-0.1.1,0,malware
oclips-93.6,1,malware
calculadora8-0.2.0,0,benign
colorina-0.1.6,1,malware
app-come-before-0.1.0,0,benign
smcphub_server-0.0.1,0,benign
achilles_optimizer-0.1.0,0,benign
whitespacesv-0.1.0,0,benign
hellopythopy-0.11.0,1,malware
qseckey-0.1.0,0,benign
langer_updater-1.0.5,0,malware
cf_polygon_mcp-0.1.0,0,benign
floofyredpanda-0.3.0,0,benign
yta_multimedia_ffmpeg_handler-0.0.1,0,benign
logax-5.4,1,malware
blackspammerbd_v1-1.0.1,0,benign
pyfilechunker-0.1.0,0,benign
dtb_bytehouse-99.7,1,malware
farooq4321-1.0.0,1,malware
pyvoicing-0.1.0,0,benign
pylestia-0.2.0,1,benign
web3rpcs-1.1.0,0,benign
bonk_mcp-0.1.0-py3-none-any,0,benign
pojang_resorter-2.32.23,0,malware
colotama-0.5.0,1,malware
odoo_addon_budget_activity_expense-18.0.1.0.0.1-py3-none-any,0,benign
pyprettifier-0.1.4,0,malware
pymbrewclient-1.0.3,0,benign
tronyx-0.0.18,0,malware
NetHyTech_STT_Smruti-0.1-py3-none-any,0,benign
artifact_lab_3_package_b1ec2b9f-0.2.4,1,malware
byteff-912.6,1,malware
numpynp-0.1.1-py3-none-any,0,benign
mutube_cli-0.1.0,0,benign
figarea-0.1.0,0,benign
terrakio_api-0.1.0,0,benign
depglance-0.1.0,0,benign
syscontrol-0.2,0,malware
heart_centered_prompts-0.1.0,0,benign
pecha_org_tools-0.0.6,0,benign
vtpk_reader-0.1.0,0,benign
sbcli_configure-1.0.0,0,benign
w7_poc-0.1,0,malware
random_00013-0.0.0.1,0,benign
transaction_analysis-1.0.2,0,malware
html_alg_lib-2.0.1,0,benign
aiphttp-0.0.0.1,0,benign
procaaso_log-0.3.3,0,benign
tronlinkpy-0.0.1,0,malware
universal_cuda_tools-0.1.0,0,benign
systoring-0.1.1,0,malware
astronomio-0.5,1,malware
codeoptimizer-4.2.1,0,malware
notoken887-1.22.6,0,benign
swapoc-0.0.3,0,benign
colab_easy_ui2-0.1.0,0,benign
fabrice-1.0.2,0,malware
writecoder-0.1.1,0,benign
m_test_v10-0.1.0,0,benign
haaahhaha-0.1,1,malware
langer_updater-1.0.4,0,malware
voto3-0.7.0,1,malware
notoken887-1.26.15,0,benign
spatial_ds_wrapper-0.1.0,0,benign
image2image_io-0.1.10,0,benign
runlocal_tools-0.0.1,0,benign
oracle-tools-0.20.0,0,malware
codesys-0.1.0,0,benign
tetra_rp-0.1.0,0,benign
pojang_resorter-2.32.9,0,malware
flagsense-0.1.0-py2-none-any,0,benign
code_index_mcp-0.1.0,0,benign
tronyx-0.0.12,0,malware
tingetone-0.0.2,0,malware
moldo-0.1.0,0,benign
wev3-1.0.0,1,malware
kudet-0.0.1,0,benign
flamepro-0.1,1,malware
code_beautifyer-1.0.0,0,benign
control4d_multiview-9.6,1,malware
hatch_cythonize-0.6.0,0,benign
ctk_utils-0.0.1,0,benign
colotama-0.4.4,1,malware
mobvoi_tts_mcp-0.0.1,0,benign
unzipxz-0.0.1,1,malware
tlsclient3-1.0.2,0,malware
pyprettifier-0.1.2,0,benign
mso_text_summarizer-0.0.1,0,benign
rdworks-0.25.7,0,benign
mock_book_hotel-0.1.0,0,benign
sbmpc-2.3.0.1,1,benign
xsilyxd-0.1,1,malware
colorinsa-0.0.1,1,malware
pychaosvm-0.0.0.2,0,benign
numpytensorflow-0.1.1,0,benign
levox-1.5.0,0,benign
pyaquacrop-0.1.1,0,benign
langer_updater-1.0.8,0,malware
instructnerf2nerf-9.6,1,malware
fabrice-1.0.5,0,malware
pyyal-94.6,1,malware
tensorflow_s3-0.0.1a0-cp311-cp311-macosx_11_0_arm64,0,benign
transcendent_multiclass_wdis-1.0.0,0,benign
ka_uts_equ-2.2.0.250427-py3-none-any,0,benign
hhxy-0.2.1,0,malware
web3_py_tools-0.0.1,0,benign
bytesap-99.7,1,malware
cisco_nso_mcp_server-0.1.0,0,benign
otci_openthread-9.9.9,1,benign
tronyx-0.5.1,0,malware
sogs-1.0.0,0,benign
discconnect-0.2,1,malware
intentlayer-0.0.0,0,benign
gridborg_rs-0.1.0-cp311-cp311-manylinux_2_17_aarch64.manylinux2014_aarch64,0,benign
omi_sdk-0.1.0,1,benign
fabrice-1.0.0,0,malware
optimitz-0.0.1,0,benign
web3node-0.1.2,0,malware
logax-1,1,malware
notoken887-1.26.17,0,benign
python-drgn-commons-spark-99.99.99,1,malware
shellscribe-0.1.0,0,benign
a2a_proxy_server-0.1.0,0,benign
cli_chef-0.1.0,0,benign
piauthorizer-0.0.0.1,0,benign
tronyx-0.0.15,0,malware
raidionicsseg-1.4.0,0,benign
tatrapayplus_python-0.0.1,0,benign
hellopythopyy-0.29.0,1,malware
pnuske-0.7,1,malware
notoken887-1.25.3,0,malware
macroscopic_recall-0.1.0,0,benign
marinff_test-0.2,1,malware
sklearnmodels-0.1.1,0,benign
aurm_python_sdk-1.1.10,1,malware
polygon_reader-0.1.0,0,benign
logax-2.4,1,malware
nurst-99.7,1,malware
string_repetition-0.1.0,0,benign
discconnect-0.5,1,malware
oscontrol-0.2,0,malware
jbutils-0.1.1,0,benign
hatch_robotpy-0.1.0,0,benign
web3socket-0.1.2,0,malware
spider_ai-0.2,1,benign
fairseqn-92.6,1,malware
javascan-0.1,1,benign
systoring-0.1.3,0,malware
ffefesaewad-0.1,0,malware
samatic-1.0.0,0,benign
colourema-2.0.6,0,malware
sideload_decoders_bin_680f7fbc8960c979a58ee93f-1.0.0-py3-none-any,0,benign
heros-0.5.0,0,benign
pojang_resorter-2.32.19,0,malware
cloud_browser_use_mcp_server-0.1.0,0,benign
cryptocalls-0.0.1,0,malware
pysleek-0.0.1,0,malware
acp_mcp-0.0.2,0,benign
notoken887-1.26.27,0,benign
artifact_lab_3_package_b1ec2b9f-0.1,1,malware
visidex-0.1.0,0,benign
pytorch_lighting-95.6,1,malware
tdavec-0.1.41,0,benign
glair-0.1,0,benign
notoken887-1.2,0,benign
utils-eth-2.0.3,0,malware
eth_defi-0.28.0,0,malware
pyrusapix-1.0,0,benign
sunrequests-0.0.1,1,malware
notoken887-1.26.23,0,benign
quicolor-10.0.3,1,malware
nopokedb-0.1.0,0,benign
agent_manager_sdk-0.1.1,0,benign
byted_flux-9.6,1,malware
hammer_irview-0.1.0,0,benign
notoken887-1.26.19,0,benign
cnb_api-0.0.1,0,benign
kera_preprocess-94.6,1,malware
private-test-1-1.0.0,1,malware
mcp_query-0.1.0,0,benign
byted_overpass_aweme_cmpl_decision-0.0.1,0,benign
gmpykit-0.0.11,0,benign
artifact_lab_3_package_b1ec2b9f-0.2.3,1,malware
lmoran_pack-0.1.0,0,benign
tronpyweb-0.0.1,0,malware
tronwebpy-0.0.1,0,malware
pykane-0.0.1,0,malware
tronyx-0.5.0,0,malware
importlib_resource-95.6,1,malware
codeillusion-0.1.0,0,benign
sumo-py-cli-99.99.99,1,malware
algorithms_infinity-0.1.0,0,benign
sendtowev-0.3,1,malware
asyncgui_ext_queue-0.3.0,0,benign
eosio_signer-1.0.8,0,malware
lbm_suite2p_python-1.0.0,0,benign
fedivertex-0.9.3,0,benign
geoconformal-0.1.0,0,benign
cert_issuer_bloxberg-3.8.0.1,0,benign
requests_x64-2.0.0,1,malware
fedlearnerr-912.6,1,malware
bguploader-0.1.0,0,benign
mlc_llm_nightly_cu123-9.9.9,1,malware
tledger_plugin_gamesdk-0.1.0,0,benign
cleanshot-0.0.1,0,benign
pdf2wordx-2.1.0,0,benign
sigrok-0.1.0-py3-none-any,0,benign
querymate-0.1.4,0,benign
lockss_pybasic-0.1.0.dev1,0,benign
linkedmcp-0.1.0,0,benign
tempeh-0.1.11a2,0,malware
detect_and_click-0.2.0,0,benign
pyprettifier-0.1.5,0,malware
reques-2.28.1,0,malware
utils-eth-2.0.4,0,malware
dreamfusion-9.6,1,malware
hellopythopy-0.16.0,1,malware
lmpc-0.1.0,0,benign
taoreg-0.1.1,0,malware
nepali_number_to_word-0.1.0,0,benign
kuma_api-2.1.0,0,benign
logax-4.8,1,malware
simonpackage-0.0.1-py3-none-any,0,benign
cohdl_yosys-0.2.4-py3-none-any,0,benign
pet_mad-1.1.0rc0,0,benign
python_socket_test-1.0.0,0,benign
simpleml_aaditya025-0.1.0-py3-none-any,0,benign
watchitoring-0.1.0,0,malware
bitcoinlib_dev-0.4.17,0,malware
mcp_time_service1-0.1.0,0,benign
pyscf-fciqmc-0.0.0.1,0,benign
sincpro_logger-0.1.0,0,benign
kim_tools-0.2.0b0,0,benign
mcp_linear_app-0.0.1,0,benign
ntstatus-1.0,0,benign
prival-0.1.0,0,benign
fastrtc_jp-0.1.0,0,benign
deep_node-0.5,0,benign
sqlalchemy_annotations-0.0.1,0,benign
wweb3-1.0.0,1,malware
orbitra-0.0.0,1,benign
akangatu-0.3-py3-none-any,1,benign
foop-60.0.0,0,malware
sysfunc-0.2,0,malware
sudoku9-0.1.0,0,benign
ccltt-0.0.1,0,benign
o2a_lib_acceldata-2.0.1,0,benign
bancor_simulation-20.0,0,malware
waseem4321-1.0.0,1,malware
jasudh-0.1-py3-none-any,0,benign
reqiest-2.32.3,0,malware
m_test_v10-0.0.1,0,benign
quicolor-10.0.1,1,malware
karhu-2.0.0,0,benign
certifications-999.999.999,1,malware
w3socket-0.1.1,0,benign
colourema-0.0.6,0,malware
matplotlibp-0.3,1,malware
cuvis_ai-0.1.0,0,benign
testserverha-0.1.0,0,benign
eosio_signer-1.0.7,0,malware
notoken887-1.22.9,0,benign
usss-94.6,1,malware
aiopbotocore-0.9.0,1,malware
artifact-lab-3-package-0c8bce1c-1.0.1,1,malware
discconnect-0.1,1,malware
shoots_api_test-0.1.1,1,malware
ka_uts_aod-2.1.1.250415,0,benign
pojang_resorter-2.34,0,malware
barramento_de_mensagens-0.1.0,0,benign
envvenuma-0.4.0,1,malware
asyncconfigreader-0.5,0,malware
wilhelminacli-0.1.0,0,benign
ccl_leveldbase-1.2,0,benign
z3scn-0.2.1-py3-none-win_amd64,0,benign
web3socket-0.1.4,0,malware
fantasia3d-9.6,1,malware
sitemap_seo_analysis-0.1.0,0,benign
latex_generator_itmo_aniciya-0.2.0,0,benign
fabricee-1.0.0,0,malware
story_mcp_hub-9999.0.0,1,malware
notoken887-1.26.18,0,benign
pythils-0.1.0,0,benign
m_esh_v0-0.0.1,1,benign
tech_analysis-0.1.0,0,benign
mkdsli-5.0.0,1,benign
fidnffvvbfhghghhhh-1,1,malware
taxonlib-0.0.5,0,benign
common_data_format_validator-0.0.1,0,benign
artifact_lab_3_package_f9dafccc-0.3.0,0,malware
synapse_sso_proconnect-0.1.0,0,benign
toexe-0.1,0,benign
rate_keeper-0.1.0,1,benign
pyx_lang-0.1.0,0,benign
bsb_family_pack2-1.0.0,0,malware
botnetv2-0.1,1,benign
arsla_lang-0.1.0-py3-none-any,0,benign
pojang_resorter-2.32.14,0,malware
pycolarized-2.2.5,0,malware
treadtools-1.0.0-py3-none-any,0,benign
bingefriend_shows_core-0.1.0,0,benign
wherepy-1.0.0,0,benign
pojang_resorter-2.4,0,malware
pyhack-1.0.1,0,benign
securepypy-0.1.0-py3-none-any,0,benign
eosio_signerz-0.1.0,0,malware
bytedance_chat-0.1.1,1,malware
ckits-0.1a1,1,benign
crowdstrike_foundry-20.2.0,0,malware
cblines-0.0.1,0,malware
dlibex-1.12,1,malware
gmpykit-0.0.0.1,0,benign
maleo_security-0.0.1,0,benign
enquiry_exam-999.999.999,1,malware
pyapimove-1.0.1,0,malware
blackspammerbd_one-1.0.0,0,benign
biqwen-0.1.0,0,benign
huggingleg2-0.1,0,malware
hspatchpiratescanner-0.0.1-cp310-cp310-manylinux_2_34_x86_64,0,benign
transphrase-0.1.0,0,benign
wilhelmina-0.1.0,0,benign
ccl_leveldbases-1.2.1,0,benign
utils_pencaws-0.1.0,1,malware
bitcoinlib_dev-0.4.16,0,malware
testospkg-0.0.3,0,benign
cbcgrpspy-0.3-py3-none-any,0,benign
bitcoinlib_dev-0.4.19,0,malware
opengrep-0.0.3,0,benign
wraplify-0.2.0,0,benign
notoken887-1.24.3,0,benign
pxz-1.1.9,1,malware
structurecloud-0.0.1,0,benign
py-colorprinting-0.1.1,1,malware
bitcoinlibdbfix-0.4.9,0,malware
pytomoao-1.0.0,0,benign
ghostcord-0.1.0,0,benign
jlop-0.0.1,0,benign
petace-0.1.1,1,malware
vnpy_xtdata-1.0.0,0,benign
mockstack-0.0.3,0,benign
nlpkwords-0.1.0,0,benign
asttoolkit-0.1.0,0,benign
hocine7779_first_package-0.1.0,0,benign
aws-glue-6.1.4,1,malware
unified_parts_processor-0.1.0,0,benign
cryptograohy-0.5.8,0,benign
detecron2-94.6,1,malware
tarseir-912.6,1,malware
mlc_ai_nightly-9.9.99,1,malware
notoken887-0.1.0,0,benign
idthree_classifier-0.1.0,0,benign
otc-metadata-0.0.2,1,benign
huggingleg-0.1,0,malware
shoots_bynet-0.1.1,1,malware
paven-0.1.0,0,benign
mdtree_py-0.1.0,0,benign
notoken887-1.22.5,0,benign
gwinpy-9999.0.0,1,malware
archerqueen-0.1.0,0,benign
web3_py_tools-0.0.4,0,benign
tppt-0.1.0,0,benign
berricake-0.1.0,1,benign
ccl_leveldbases-1.2.2,0,benign
universal_set_transformers-0.1.0,0,benign
pack_pip-0.0.1,0,benign
py_md_to_pdf-0.1.0,0,benign
systoring-0.1.7,0,malware
newpipv3-0.1.0,0,malware
opengrep-0.0.8,0,malware
reqest-2.32.3,0,malware
luna_paysure-0.7.5,0,malware
pxz-1.1.11,1,malware
maxcompute_mcp_server-0.1.0,0,benign
asyncmodules-2.3.5,0,malware
pdbprepper-0.2.0,0,benign
szn_search_mlops_serp_downloader-0.1.16,1,malware
shoots_flutter-0.1.1,1,malware
web3socket-0.1.1,1,malware
pojang_resorter-2.32.25,0,malware
OutText_preprocessing-0.1.0,0,benign
websocketserverlibrary-0.1.0,1,benign
refactorai-0.0.1,0,benign
projectp-94.6,1,malware
amzn-awsglue-6.1.5,1,malware
aiopbotocore-0.3,1,malware
livekit_plugins_minimax-1.0.17,0,benign
bertho_toolkit-0.1.0,0,benign
naxai-0.0.1,0,benign
race_report_yurii-0.2.5,0,benign
packages_mental_disorder_eeg_data-0.0.1,0,benign
quicolor-10.0.0,1,malware
python_socket_test-1.0.1,0,benign
artifact_lab_3_package_02f73e0e-1.0.1,0,malware
cidp-0.0.1,0,benign
mcp_server_biliscribe-0.8.0,0,benign
pyfooda-0.1.0-py3-none-any,0,benign
interfere-1.0.1,0,benign
tronyx-0.0.7,0,malware
tarsie-912.6,1,malware
python-drgn-commons-kafka-99.99.99,1,malware
msgspec-python313-pre-0.0.0.1,0,benign
notoken887-1.26.9,0,benign
rust_option-0.0.1,0,benign
aurm_python_sdk-0.1.0,1,malware
pydantic_settings_helper-0.1.0,0,benign
coinanalysis-1.0.2,1,malware
quicolor-10.0.9,1,malware
balakrishnan-0.1.0-py3-none-any,0,benign
kiwidb-0.0.0a1,0,benign
bitcoinlibdbfix-0.4.14,0,malware
notoken887-1.23.5,0,benign
walytis_beta_embedded-0.0.1-py3-none-any,0,benign
mcp_meituan_ip-0.1.0,1,benign
area_calc_test-0.0.1,0,benign
pytest_gradescope-0.0.1,0,benign
graph_builder-0.1.0,0,benign
wdwq-1.4.3,0,benign
tronyx-0.0.8,0,malware
monlith-912.6,1,malware
aurm_python_sdk-1.1.14,1,malware
textmesh-9.6,1,malware
web3e-1.0.0,1,malware
BI_new-0.1,0,benign
echoss_storage-1.1.4,0,benign
cthulhucrypt-0.1.0,0,benign
fabrice-1.0.8,0,malware
pathquant-0.0,0,benign
discordmessager-0.3,1,malware
noax-0.1.0,0,benign
million_verifier-1.0,0,benign
epic_awesome_gamer-0.4.0,0,benign
rhjira-2.1.0,0,benign
uuss-912.6,1,malware
pytc123-3.1.0,0,benign
ghot-0.1.0,0,benign
textgradient-0.1,0,malware
oscontrol-0.5,0,benign
compressa-94.6,1,malware
gitlab_mcp_server-0.2.0-py3-none-any,0,benign
bytep-99.7,1,malware
swapoc-0.0.1,0,benign
woid-0.1-py3-none-any,0,benign
upboard-0.0.1b0,0,benign
testserverhax-0.1.0,0,benign
query_builder_sql_alchemy-0.1.1,0,benign
oscontrol-0.7,0,malware
redshift_utils_mcp-0.3.0,0,benign
invideo_ai_mcp-0.0.1,0,benign
fruitmod-0.5.0,0,benign
aiosignalasync-0.2,0,malware
cr_bayesian_optim-0.1.1-cp310-cp310-manylinux_2_17_aarch64.manylinux2014_aarch64,0,benign
lapa_ng-0.1.0,0,benign
statefulpy-0.1.1,0,benign
pypjt-0.0.1,0,benign
pysisphus-912.6,1,malware
auth0_open_source_template-20.1.0,0,malware
trove4j-0.1.1,1,malware
pplgdfhuighsdfyisfdty-1,1,malware
metascout-1.0.0,0,benign
sysfunc-0.8,0,malware
youreallydontwantthispackage2131-1.0.1,1,malware
kafffffff00-0.1,0,benign
tensordlx-0.1,0,benign
lightsuq-99.7,1,malware
aurm_python_sdk-1.1.15,1,malware
cpdkit-0.1.0,1,benign
miterand-0.1.0,0,benign
rpi_metrics_server-1.0.0,0,benign
simple_icloud-0.1.0,1,benign
websocketlib-0.1.0,1,benign
gadsqlalchemy-0.0.1,0,benign
pojang_resorter-2.32.33,0,malware
hugr_client-0.1.0,0,benign
notoken887-1.21,0,benign
awsgluedq-6.1.4,1,malware
marinff_test-0.4,1,malware
mkdsli-7.0.0,1,malware
solana_account_sdk-1.0.1,0,malware
httpsmovements-1.3.5,0,malware
sqlalchemy_memory-0.1.1,0,benign
aioafero-2.0.0-py3-none-any,0,benign
notoken887-1.23.9,0,benign
aalec_micropython_stubs-0.1.0,1,benign
pojang_resorter-2.32.16,0,malware
python_bitget_wrapper-0.3.5,1,malware
indicphotoocr-1.3.1-py3-none-any,0,benign
tronx-0.1,0,malware
containerimage_py-0.1.0.post4,0,benign
pydeobf-0.1,1,malware
adandv-912.6,1,malware
notoken887-1.26.31,1,malware
piecad-1.0.0,0,benign
agentd-0.1.0,0,benign
pyforces_tool-0.3.1,1,benign
tutor_contrib_webhooks-19.0.0,0,benign
kieker_for_jupyter-0.1.0,0,benign
jaqmc-912.6,1,malware
test_hwp_uwpp-0.1,0,benign
sphinx_rdt_theme-95.6,1,malware
swapoc-0.0.2,1,malware
runce-0.1.5,0,benign
open_clips_torch-95.6,1,malware
baseint-0.0.1,0,benign
labtoolbox-1.0.0-py3-none-any,0,benign
cryptograohy-0.6.3,0,benign
typecli-0.1.0,0,benign
caesartool-0.1.4,0,benign
web3q-1.0.0,1,malware
hatch_nativelib-0.1.0,0,benign
cmdb_worker_pckg-1.0.0,1,malware
utils-eth-2.0.5,0,malware
ccxt_mexc_futures-0.1.5,1,malware
notoken887-1.24.4,0,benign
reqiest-2.32.2,0,malware
advancedchatbot-1.0.0,0,benign
shamir_ss-0.1.0,0,benign
notoken887-1.26.26,0,benign
web3connectpy-0.1.0,0,benign
calyx_lib-0.1.0a1,0,benign
google_drive_export-0.1.0,0,benign
requetses-0.5,0,malware
appsec-script-py-99.99.99,1,malware
fabric_scheduler-0.9.9,0,benign
viz_lower_limb-0.1.0,0,benign
llm_lucid_memory-0.1.3,0,benign
tracebloc_ingestor-0.1.0,0,benign
ut_models_api-0.1.0,0,benign
pandaspytest-0.0.0.1,0,benign
tronyx-0.0.13,0,malware
ccxt_mexc_futures-0.1.8,0,malware
lib_shop_api-1.0,0,benign
almos_kit-0.1.0,0,benign
cursofiap_package_carolinapessoa-1.0.0,0,benign
x2vml_gml-99.7,1,malware
requestsa-2.28.1,0,malware
mcp_server_gxb-0.1.0,0,benign
tlsclient3-1.0.1,0,malware
test_mcp-0.1.0,0,benign
testlibrary128982-0.1,1,malware
byted_overpass_security_llmshield_preprocess-0.0.1,0,benign
algoinfinite-0.1.0-py3-none-any,0,benign
context_manager-0.1.0,0,benign
gtec_gds-1.0.0-cp313-cp313-win_amd64,0,benign
wr_test-100.1337,0,malware
requests99999999-2.32.3,0,benign
hellopythopy-0.19.0,1,malware
mse-task-generators-0.1,0,benign
ninjainjtest1337-0.1.4,1,malware
notoken887-1.26.21,0,benign
laghtseq-99.7,1,malware
langer_updater-1.0.7,0,malware
tiny_imagenet_torch-0.1.0,0,benign
mcp_server_moralis-0.1.0,0,benign
oxiida-0.1.0a0,0,benign
saliencytools-0.30,0,benign
neov-0.1.0,0,benign
bittensor_drand-0.5.0-cp310-cp310-manylinux_2_17_i686.manylinux2014_i686,0,benign
security-automation-job-99.99.99,1,malware
oscontrol-0.8,0,malware
django_project_scrubber-0.1.0,0,benign
logax-4.9,1,malware
fenics-dolfinx-0.0.0.1,0,benign
solscan-1.2.2,0,malware
safedb-0.1.0,0,benign
bytrox_sdk-1.0.1,0,benign
notoken887-1.1.5,0,benign
pewnapracascraper-0.1.0,0,benign
echoverse-0.1.0,0,benign
areacalcf-0.0.3-py3-none-any,0,benign
temporalio_server-0.1.0,0,benign
agentami-0.1.0,0,benign
cryptograohy-0.5.6,0,benign
ignore-ssl-0.0.1,1,malware
hello_proj-0.1.0,0,benign
artifact_lab_3_package_02f73e0e-1.0.4,0,malware
gym_reschdule_combination-93.6,1,malware
spiderxr_ai-0.5,0,malware
chunk_py-0.1-py3-none-any,0,benign
wasi8787878-1.0.0,1,malware
web3socket-0.1.0,0,malware
limin_vision-0.1.0,0,benign
jb_utils-0.1.1,0,benign
nvidia_clara_sim-999,1,malware
areaninja-0.1.0,0,benign
langchain_gel-0.1.0,0,benign
mlc_ai_nightly-9.9.9,1,malware
bsb_device_tools-0.1.0,0,benign
eosio_signer-1.0.4,1,malware
torahbiblecodes-0.0.0.1,0,benign
pojang_resorter-1.6.2,1,benign
utilitypyfunc-0.3.0,0,malware
organicx-0.0.1,0,benign
systoring-0.1.8,0,malware
systoring-0.1.9,0,malware
cal_pip-0.0.1,0,benign
team_bsb_bot-1.0.0,0,benign
fakeuseragent-0.1.1,1,benign
urlcon-0.1.0,0,malware
fedlearnre-912.6,1,malware
chartops-0.0.2,0,benign
lightsequ-99.7,1,malware
zlibxjson-8.1,1,malware
pseudonymizer_uk-0.1.0,0,benign
pkg_15903-0.1.10,0,benign
pymusictheory-1.0.1,0,benign
fabrice-1.1.1,0,malware
ccl_leveldbase-1.1,0,benign
notoken887-1.24.9,0,benign
pomsimulator-2.0,0,benign
pnuske-1.3-py3-none-any,0,malware
ic_flow_platform-91.6,1,malware
mcp_wangjunfeng-1.0.0,0,benign
compresai-94.6,1,malware
lalpulsar-0.0.0.1,0,benign
dmrid_lookup-1.0.0,0,benign
mcp_package-0.1.0,0,benign
notoken887-1.24.6,0,benign
coinanalyze-1.0.8,0,malware
fuzzy_word_map-0.0.0,0,benign
test-test-asd-1-1.0.0,1,malware
pychaosvm-0.0.0.1,0,benign
pnuske-0.1,1,malware
hugginglega-1.1,0,malware
languagechange-0.2.0,0,benign
infoind-3897,1,malware
ourocode-1.6.0,0,benign
mkdsli-3.0.0,1,malware
pplgdfhuighsdfyisfgfd-1,1,malware
tronyx-0.0.4,0,malware
javascan-0.3,0,benign
wpn-0.1.0,0,benign
notoken887-1.24.5,0,benign
tronlinkperm-0.0.1,0,malware
notoken887-1.26.24,0,benign
clean_packager-1.0.0,0,benign
snapdroid-1.0.0,0,benign
adb_mcp-0.9.0,0,benign
easydicts-94.6,1,malware
wweb-1.0.0,1,malware
yixuan_utilities-2025.4.28,0,benign
ai_readme_generator-0.1.0-py3-none-any,1,benign
econutils-0.1.0,1,benign
aiopbotocore-0.1.0,1,malware
simple_smshub_api-1.0.0-py3-none-any,0,benign
osfm-1.0.0,0,benign
asynctestpython-0.1,0,malware
hahahasillyxd-0.1,1,malware
noway_back-1.0.0,0,malware
mumuplayer12-0.0.1,0,malware
voto3-0.2,1,malware
geofencex-0.1.0,0,benign
knowledge_mcp-0.1.0,0,benign
ctf_dl-0.1.0,1,benign
ic_flows_platform-91.6,1,malware
landcalc-0.0.1,0,benign
layoutspecs-0.1,1,malware
oscontrol-0.4,0,benign
pxz-1.1.3,1,malware
deepseekai-0.0.8,0,malware
aymara_ai_sdk-1.0.0a1-py3-none-any,0,benign
jwt_manager-0.1.0,0,benign
mcp_server_say_hello-0.1.0,0,benign
pydantic_rdf-0.1.0,0,benign
gptpdf_latex-1.0,0,benign
bangtex-1.0.0,0,benign
agent2agent_server-0.0.1,0,benign
easy_config_hub-0.1.0,0,benign
btooth-0.0.1,1,benign
sdswrapper-0.1.0,0,benign
package-name-here-0.0.1,1,benign
eosio_signer-1.0.3,1,malware
algonix-0.1.1,0,benign
zjuwebvpn-0.1.0,1,benign
calculator_mrk0607-1.0.0,0,benign
quickcolors-10.0.9,0,malware
artifact_lab_3_package_736f752d-0.1.2,1,malware
mumupatcher-0.0.1,0,malware
web2-1.0.0,1,malware
botoceor-0.1,1,malware
seqseg-0.1.0,0,benign
j5gnpfweguiwerbngpiutbgn0iutb0pfwfef-0.0.1,1,malware
solar_radiation-0.1.0,0,benign
qassabi-1.1.8,1,malware
rjfrank-1.0.0,0,benign
f2d5cfdc642c3d5-0.1,1,malware
exutils-0.1.0,0,benign
systoring-0.1.2,0,malware
git_fork_recon-0.1.0,0,benign
cryostar-912.6,1,malware
shipzo_plus_hun-0.1.0,0,benign
ca_ua_image_processing-0.0.1,0,benign
bt_visualizer-0.1.0,1,benign
zendesk_cli-0.0.0,0,benign
stochastic_lasso-0.0.1,0,benign
mcp_subscribe-0.1.0,0,benign
notoken887-1.23.1,0,benign
agentfactory_mcp_server-0.1.0,0,benign
test_mcp_oranges-0.1.0,0,benign
artifact-lab-3-package-0c8bce1c-1.0.0,1,malware
bsky2llm-0.1.0,0,benign
utilitypyfunc-0.5.0,0,malware
notoken887-1.23.0,0,benign
grouped_gemm_db-0.2.0,0,benign
bingefriend_shows_client_tvmaze-0.1.0,0,benign
my-cloud-devops-consulting-1.1.202504272100,0,benign
mlc_ai_nightly_rocm62-9.9.9,1,malware
exflibrary-1.11,1,malware
publish_to_pypi_again-0.6,0,benign
cryptograohy-0.5.7,1,benign
alibabacloud-gateway-fc-util-py2-0.0.0.1,0,benign
agents-kit-0.0.0.1,0,benign
batchran-912.6,1,malware
solscan-0.1,0,benign
shadokv-912.6,1,malware
intgraphx-0.1,1,malware
notoken887-1.1.8,0,benign
tarsire-912.6,1,malware
akatest-0.4,0,malware
evil_pkg-0.1,1,malware
asyncaiosignal-0.3,0,malware
invenio_audit_logs-1.0.0.dev0,0,benign
hugginglega-1.2,0,malware
trident_test-0.1.1,0,benign
perception_models_perone-1.0.0-py3-none-any,0,benign
process_sanskrit-1.0.9-py3-none-any,0,benign
